id,text,created_at,author_id,keywords,cleaned_text,vader_scores,vader_compound,textblob_sentiment,entities,dominant_topic
1891664150184542537,RT @MrGo30: Film session w/ Coach 30 - #PhiladelphiaEagles vs. #KansasCityChiefs #SuperBowlLIX https://t.co/KQVW2dxxHD,2025-02-18 01:40:53+00:00,98027775,"PhiladelphiaEagles,KansasCityChiefs,SuperBowlLIX",: film session w/ coach 30 - #philadelphiaeagles vs. #kansascitychiefs #superbowllix,"{'neg': 0.0, 'neu': 1.0, 'pos': 0.0, 'compound': 0.0}",0.0,0.0,"[('30 - #', 'MONEY'), ('philadelphiaeagles', 'PERSON'), ('kansascitychiefs', 'PERSON')]",0
1891662475474440238,Rare Jalen Hurts Rookie card @NFL @Eagles @JalenHurts #rookiecards #sportscards @NBCPhiladelphia #PhiladelphiaEagles #philadelphia https://t.co/YKVGySmPT5 https://t.co/xchLEFeIX9,2025-02-18 01:34:14+00:00,25343621,"rookiecards,sportscards,PhiladelphiaEagles,philadelphia",rare jalen hurts rookie card #rookiecards #sportscards #philadelphiaeagles #philadelphia,"{'neg': 0.279, 'neu': 0.721, 'pos': 0.0, 'compound': -0.4767}",-0.4767,0.3,"[('rare jalen hurts rookie', 'PERSON'), ('philadelphia', 'GPE')]",1
1891656595274080388,"‚ö°TICKETS ARE LIVE! ‚ö°

COME MEET YOUR SUPER BOWL CHAMPIONS AND ALL OF YOUR OTHER FAVORITE ATHLETES!

NEXT SHOW March 7-9, 2025!
Stay Updated! Follow Us Today https://t.co/66ZOcjtjGM !!

#phillyshow #thephillyshow #football  #philadelphiaeagles #eaglesnation #superbowlchampions https://t.co/ObX5uFMJJN",2025-02-18 01:10:52+00:00,859407876632317952,"phillyshow,thephillyshow,football,philadelphiaeagles,eaglesnation,superbowlchampions","tickets are live! come meet your super bowl champions and all of your other favorite athletes! next show march 7-9, 2025! stay updated! follow us today !! #phillyshow #thephillyshow #football #philadelphiaeagles #eaglesnation #superbowlchampions","{'neg': 0.0, 'neu': 0.723, 'pos': 0.277, 'compound': 0.9094}",0.9094,0.2007575757575757,"[('today', 'DATE'), ('#', 'CARDINAL'), ('#', 'CARDINAL'), ('#', 'CARDINAL')]",2
1891656488420081975,"RT @conserv_tribune: Leave it to a self-important Democratic politician to screw up a Super Bowl parade.

#Democrats #Football #NFL #Penn‚Ä¶",2025-02-18 01:10:26+00:00,1619181898390962176,"Democrats,Football,NFL,Penn",: leave it to a self-important democratic politician to screw up a super bowl parade. #democrats #football #nfl #penn,"{'neg': 0.133, 'neu': 0.667, 'pos': 0.2, 'compound': 0.5106}",0.5106,0.0416666666666666,"[('#', 'CARDINAL'), ('#', 'CARDINAL'), ('penn', 'PERSON')]",1
1891653194595393729,"‚ÄºÔ∏èDEVONTA SMITH, SUPER BOWL LIX CHAMPION is signing at the March Philly Show!‚ÄºÔ∏è

‚ö°Guest Signing Tickets &amp; Times coming soon! ‚ö°

NEXT SHOW March 7-9, 2025!
Stay Updated! Follow Us Today https://t.co/66ZOcjtjGM !!

#phillyshow #philadelphiaeagles #eaglesnation #superbowlchampion https://t.co/4zKnrWleuL",2025-02-18 00:57:21+00:00,859407876632317952,"phillyshow,philadelphiaeagles,eaglesnation,superbowlchampion","devonta smith, super bowl lix champion is signing at the march philly show! guest signing tickets &amp; times coming soon! next show march 7-9, 2025! stay updated! follow us today !! #phillyshow #philadelphiaeagles #eaglesnation #superbowlchampion","{'neg': 0.0, 'neu': 0.786, 'pos': 0.214, 'compound': 0.8741}",0.8741,0.2604166666666666,"[('devonta smith', 'PERSON'), ('today', 'DATE'), ('#', 'CARDINAL'), ('#', 'CARDINAL')]",2
1891653157400264923,"Josh Allen:
‚Ä¢ 0 AFC Titles
‚Ä¢ 0 Super Bowl Rings
‚Ä¢ Y‚Äôall say he‚Äôs elite (he is)

Lamar Jackson:
‚Ä¢ 0 AFC Titles
‚Ä¢ 0 Super Bowl Rings
‚Ä¢ Y‚Äôall say he‚Äôs elite (he is)

Jalen Hurts:
‚Ä¢ 2 NFC Titles
‚Ä¢ 1 Super Bowl Ring
‚Ä¢ Y‚Äôall say he stinks

#EAGLES #philadelphiaeagles‚Ä¶ https://t.co/vXcqazSbNj https://t.co/1N9WvyZJF9",2025-02-18 00:57:12+00:00,1518443158568415235,"EAGLES,philadelphiaeagles",josh allen: 0 afc titles 0 super bowl rings yall say hes elite (he is) lamar jackson: 0 afc titles 0 super bowl rings yall say hes elite (he is) jalen hurts: 2 nfc titles 1 super bowl ring yall say he stinks #eagles #philadelphiaeagles,"{'neg': 0.164, 'neu': 0.617, 'pos': 0.219, 'compound': 0.5994}",0.5994,0.1,"[('josh allen', 'PERSON'), ('0', 'CARDINAL'), ('0', 'CARDINAL'), ('lamar jackson', 'PERSON'), ('0', 'CARDINAL'), ('0', 'CARDINAL'), ('2', 'CARDINAL'), ('1', 'CARDINAL'), ('#eagles #', 'MONEY'), ('philadelphiaeagles', 'PERSON')]",3
1891652446138585103,RT @philly_captain: Nothing is possible when we work together. #philly #Philadelphia #GoBirds #PhiladelphiaEagles https://t.co/hzC0Oix5zf,2025-02-18 00:54:23+00:00,1518698180921073664,"philly,Philadelphia,GoBirds,PhiladelphiaEagles",: nothing is possible when we work together. #philly #philadelphia #gobirds #philadelphiaeagles,"{'neg': 0.0, 'neu': 1.0, 'pos': 0.0, 'compound': 0.0}",0.0,0.0,"[('#', 'CARDINAL'), ('#', 'CARDINAL'), ('philadelphiaeagles', 'PERSON')]",1
1891643272344326282,"‚ÄºÔ∏è QUINYON MITCHELL, SUPER BOWL LIX CHAMPION, will be at the March Philly Show!‚ÄºÔ∏è

‚ö°Guest Signing Tickets &amp; Times coming soon! ‚ö°

NEXT SHOW March 7-9, 2025!
Stay Updated! Follow Us Today https://t.co/66ZOcjtjGM !!

#phillyshow #philadelphiaeagles #superbowlchampion https://t.co/Mnk5FrBbRJ",2025-02-18 00:17:55+00:00,859407876632317952,"phillyshow,philadelphiaeagles,superbowlchampion","quinyon mitchell, super bowl lix champion, will be at the march philly show! guest signing tickets &amp; times coming soon! next show march 7-9, 2025! stay updated! follow us today !! #phillyshow #philadelphiaeagles #superbowlchampion","{'neg': 0.0, 'neu': 0.781, 'pos': 0.219, 'compound': 0.8741}",0.8741,0.2604166666666666,"[('quinyon mitchell', 'PERSON'), ('today', 'DATE'), ('#', 'CARDINAL'), ('#', 'CARDINAL'), ('#', 'CARDINAL')]",2
1891640892164821430,"What a birthday bash, what a Super Bowl! @ChasesYouDown @Eagles #gobirds #Philadelphiaeagles #cooperdejean https://t.co/bbRaTHLCC5",2025-02-18 00:08:28+00:00,1486509564,"gobirds,Philadelphiaeagles,cooperdejean","what a birthday bash, what a super bowl! #gobirds #philadelphiaeagles #cooperdejean","{'neg': 0.0, 'neu': 0.656, 'pos': 0.344, 'compound': 0.636}",0.636,0.4166666666666666,"[('#', 'CARDINAL')]",3
1891639286790828339,Iconic ü¶Ö #EaglesParade #FlyEaglesFly #Beer #Beer #PhiladelphiaEagles https://t.co/GVgFxY57L5,2025-02-18 00:02:05+00:00,1767349214441259008,"EaglesParade,FlyEaglesFly,Beer,Beer,PhiladelphiaEagles",iconic #eaglesparade #flyeaglesfly #beer #beer #philadelphiaeagles,"{'neg': 0.0, 'neu': 1.0, 'pos': 0.0, 'compound': 0.0}",0.0,0.5,"[('#', 'CARDINAL'), ('#', 'CARDINAL'), ('#', 'CARDINAL'), ('#', 'CARDINAL'), ('philadelphiaeagles', 'PERSON')]",1
1891637768482119683,#PhiladelphiaEagles ü¶Öü¶Öü¶Ö https://t.co/1unXyhy9nD,2025-02-17 23:56:03+00:00,1787157432596111360,PhiladelphiaEagles,#philadelphiaeagles,"{'neg': 0.0, 'neu': 1.0, 'pos': 0.0, 'compound': 0.0}",0.0,0.0,"[('#', 'CARDINAL'), ('philadelphiaeagles', 'PERSON')]",1
1891627128560525724,"#PhiladelphiaEaglesParade2025
#EaglesParade2025
#EaglesParade
#PhiladelphiaEagles
#SuperBowlLIX
#SuperBowlChampions https://t.co/WmXtJFqwKq",2025-02-17 23:13:46+00:00,1805972839285317632,"PhiladelphiaEaglesParade2025,EaglesParade2025,EaglesParade,PhiladelphiaEagles,SuperBowlLIX,SuperBowlChampions",#philadelphiaeaglesparade2025 #eaglesparade2025 #eaglesparade #philadelphiaeagles #superbowllix #superbowlchampions,"{'neg': 0.0, 'neu': 1.0, 'pos': 0.0, 'compound': 0.0}",0.0,0.0,"[('#', 'CARDINAL'), ('philadelphiaeaglesparade2025 #eaglesparade2025 #', 'ORG'), ('#', 'CARDINAL'), ('#', 'CARDINAL')]",4
1891626224750874708,"Philadelphia Eagles Tervis Super Bowl LIX Champions 30oz. Stainless Steel Tumbler with Slider Lid https://t.co/YLXFfvY1P6
#philadelphiaeagles #ad #tumbler",2025-02-17 23:10:11+00:00,1813727029239644160,"philadelphiaeagles,ad,tumbler",philadelphia eagles tervis super bowl lix champions 30oz. stainless steel tumbler with slider lid #philadelphiaeagles #ad #tumbler,"{'neg': 0.0, 'neu': 0.673, 'pos': 0.327, 'compound': 0.8074}",0.8074,0.2666666666666666,"[('philadelphia', 'GPE'), ('30', 'CARDINAL'), ('#', 'CARDINAL'), ('#', 'CARDINAL')]",2
1891618738975154569,I could watch this ALL. DAY. LONG. @cdejean23 #FlyEaglesFly #PhiladelphiaEagles https://t.co/25nYUuV5d0,2025-02-17 22:40:26+00:00,1440745363208474628,"FlyEaglesFly,PhiladelphiaEagles",i could watch this all. day. long. #flyeaglesfly #philadelphiaeagles,"{'neg': 0.0, 'neu': 1.0, 'pos': 0.0, 'compound': 0.0}",0.0,-0.05,"[('#', 'CARDINAL'), ('#', 'CARDINAL'), ('philadelphiaeagles', 'PERSON')]",2
1891618038106960258,RT @holly_berrys: I will be at the Pep rally in the borough of Media near Philly this Sunday! Who else is going? #GoBirds #PhiladelphiaEagl‚Ä¶,2025-02-17 22:37:39+00:00,903322473629761537,"GoBirds,PhiladelphiaEagl",: i will be at the pep rally in the borough of media near philly this sunday! who else is going? #gobirds #philadelphiaeagl,"{'neg': 0.0, 'neu': 1.0, 'pos': 0.0, 'compound': 0.0}",0.0,0.125,"[('this sunday', 'DATE'), ('#', 'CARDINAL')]",4
1891616326063456542,Saquon Barkley when the Eagles run TUSH PUSH‚ÄºÔ∏èü§£ #saquonbarkley #PhiladelphiaEagles #NFL https://t.co/RwMAJWSPq1,2025-02-17 22:30:51+00:00,4236045438,"saquonbarkley,PhiladelphiaEagles,NFL",saquon barkley when the eagles run tush push #saquonbarkley #philadelphiaeagles #nfl,"{'neg': 0.0, 'neu': 1.0, 'pos': 0.0, 'compound': 0.0}",0.0,0.0,"[('barkley', 'PERSON'), ('#', 'CARDINAL'), ('#', 'CARDINAL'), ('nfl', 'PERSON')]",0
1891613648792994268,"Men's Philadelphia Phillies Nike Burgundy Authentic Collection Performance Pullover Hoodie https://t.co/jOkIzRHkeu
#philadelphiaphillies #ad #philadelphiaeagles #baseball #wweraw #springtraining",2025-02-17 22:20:13+00:00,375665335,"philadelphiaphillies,ad,philadelphiaeagles,baseball,wweraw,springtraining",men's philadelphia phillies nike burgundy authentic collection performance pullover hoodie #philadelphiaphillies #ad #philadelphiaeagles #baseball #wweraw #springtraining,"{'neg': 0.0, 'neu': 1.0, 'pos': 0.0, 'compound': 0.0}",0.0,0.5,"[('philadelphia', 'GPE'), ('#', 'CARDINAL'), ('#', 'CARDINAL'), ('#', 'CARDINAL')]",0
1891610808884306022,"After many requests, we've finally launched a BTA! shirt for Philly fans! Visit https://t.co/bqT1PL235z to snag yours today!

#bta #philadelphia #flyeaglesfly #fef #philadelphiaeagles #eagles #gobirds https://t.co/OQyYgjvFRd",2025-02-17 22:08:55+00:00,2472547010,"bta,philadelphia,flyeaglesfly,fef,philadelphiaeagles,eagles,gobirds","after many requests, we've finally launched a bta! shirt for philly fans! visit to snag yours today! #bta #philadelphia #flyeaglesfly #fef #philadelphiaeagles #eagles #gobirds","{'neg': 0.0, 'neu': 0.903, 'pos': 0.097, 'compound': 0.3348}",0.3348,0.25,"[('today', 'DATE'), ('#bta #', 'MONEY'), ('#', 'CARDINAL'), ('#', 'CARDINAL')]",0
1891609173357433152,@saquon We love you! #SouthJersey #GoBirds #Eagles #EaglesNation  #PhiladelphiaEagles,2025-02-17 22:02:25+00:00,1778472882797985792,"SouthJersey,GoBirds,Eagles,EaglesNation,PhiladelphiaEagles",we love you! #southjersey #gobirds #eagles #eaglesnation #philadelphiaeagles,"{'neg': 0.0, 'neu': 0.609, 'pos': 0.391, 'compound': 0.6696}",0.6696,0.625,"[('#southjersey #', 'MONEY'), ('#', 'CARDINAL'), ('#', 'CARDINAL'), ('philadelphiaeagles', 'PERSON')]",1
1891607168996041141,"#NFL #SuperBowl #Threepeat #philadelphiaeagles
There have been 15 chances for a threepeat in the @NFL . The @Eagles have been involved in 4 of them. @packers r the only team 2 have done it n did it twice. Eagles broke up the packers in the early 60‚Äôs, @Patriots and now @Chiefs",2025-02-17 21:54:28+00:00,260513451,"NFL,SuperBowl,Threepeat,philadelphiaeagles","#nfl #superbowl #threepeat #philadelphiaeagles there have been 15 chances for a threepeat in the . the have been involved in 4 of them. r the only team 2 have done it n did it twice. eagles broke up the packers in the early 60s, and now","{'neg': 0.066, 'neu': 0.892, 'pos': 0.042, 'compound': -0.25}",-0.25,0.05,"[('#nfl #', 'MONEY'), ('#', 'CARDINAL'), ('#', 'CARDINAL'), ('15', 'CARDINAL'), ('4', 'CARDINAL'), ('2', 'CARDINAL'), ('eagles', 'PERSON'), ('the early 60s', 'DATE')]",0
1891602354505474469,"RT @BobbyTaylor21: It‚Äôs Gameday, let‚Äôs go Birds ü¶Ö!!! #FlyEaglesFly #PhiladelphiaEagles

On This Day: Eagles Shut Down Falcons https://t.co‚Ä¶",2025-02-17 21:35:20+00:00,159978329,"FlyEaglesFly,PhiladelphiaEagles",": its gameday, lets go birds !!! #flyeaglesfly #philadelphiaeagles on this day: eagles shut down falcons","{'neg': 0.0, 'neu': 1.0, 'pos': 0.0, 'compound': 0.0}",0.0,-0.1555555555555555,"[('#', 'CARDINAL'), ('#', 'CARDINAL'), ('this day', 'DATE')]",1
1891600525100990835,"üôå Finally got my hat!#PhiladelphiaEagles
#Philadelphiahat https://t.co/qiR0emCuoj",2025-02-17 21:28:04+00:00,1878690243064549376,"PhiladelphiaEagles,Philadelphiahat",finally got my hat!#philadelphiaeagles #philadelphiahat,"{'neg': 0.0, 'neu': 1.0, 'pos': 0.0, 'compound': 0.0}",0.0,0.0,[],0
1891595397690229013,RT @holly_berrys: I will be at the Pep rally in the borough of Media near Philly this Sunday! Who else is going? #GoBirds #PhiladelphiaEagl‚Ä¶,2025-02-17 21:07:41+00:00,33443728,"GoBirds,PhiladelphiaEagl",: i will be at the pep rally in the borough of media near philly this sunday! who else is going? #gobirds #philadelphiaeagl,"{'neg': 0.0, 'neu': 1.0, 'pos': 0.0, 'compound': 0.0}",0.0,0.125,"[('this sunday', 'DATE'), ('#', 'CARDINAL')]",4
1891586284470108509,All of the Super Bowl merch is so so ugly. #fanatics #fail #PhiladelphiaEagles,2025-02-17 20:31:28+00:00,1178830949221621761,"fanatics,fail,PhiladelphiaEagles",all of the super bowl merch is so so ugly. #fanatics #fail #philadelphiaeagles,"{'neg': 0.235, 'neu': 0.564, 'pos': 0.2, 'compound': -0.1752}",-0.1752,-0.2888888888888889,"[('#', 'CARDINAL'), ('#', 'CARDINAL'), ('#', 'CARDINAL'), ('philadelphiaeagles', 'PERSON')]",0
1891585756096868843,"RT @flyeaglesitalia: Abbiamo fatto un resoconto dei giocatori proiettati a diventare free agents.

#flyeaglesflyitalia
#FlyEaglesFly #Phila‚Ä¶",2025-02-17 20:29:22+00:00,386182882,"flyeaglesflyitalia,FlyEaglesFly,Phila",: abbiamo fatto un resoconto dei giocatori proiettati a diventare free agents. #flyeaglesflyitalia #flyeaglesfly #phila,"{'neg': 0.0, 'neu': 0.784, 'pos': 0.216, 'compound': 0.5106}",0.5106,0.4,"[('abbiamo', 'GPE'), ('un resoconto dei', 'ORG'), ('#', 'CARDINAL'), ('#', 'CARDINAL'), ('#', 'CARDINAL')]",3
1891585194051666175,"Greedy Williams Champagne Skeet Sprays Crowd POV Front Row Eagles Superbowl LIX Parade
#flyeaglesfly #superbowlchamps #superbowlLIX #champagne #lincolnfinancialfield #philadelphiaeagles #superbowl #greedywilliams #sports #football #eagles #parade #pov #shortsvideo #frontrow https://t.co/fxNsHKASpF",2025-02-17 20:27:08+00:00,1527613414020898816,"flyeaglesfly,superbowlchamps,superbowlLIX,champagne,lincolnfinancialfield,philadelphiaeagles,superbowl,greedywilliams,sports,football,eagles,parade,pov,shortsvideo,frontrow",greedy williams champagne skeet sprays crowd pov front row eagles superbowl lix parade #flyeaglesfly #superbowlchamps #superbowllix #champagne #lincolnfinancialfield #philadelphiaeagles #superbowl #greedywilliams #sports #football #eagles #parade #pov #shortsvideo #frontrow,"{'neg': 0.075, 'neu': 0.852, 'pos': 0.072, 'compound': -0.0258}",-0.0258,-0.25,"[('greedy williams', 'PERSON'), ('#', 'CARDINAL'), ('#', 'CARDINAL'), ('#', 'CARDINAL'), ('#', 'CARDINAL'), ('#', 'CARDINAL'), ('#', 'CARDINAL'), ('#parade', 'MONEY'), ('#pov #', 'MONEY')]",2
1891580417712492973,"RT @CLionscat: Relaxing after watching the superbowl üèüÔ∏èüèàüò¥
#SuperBowl #SuperBowlLIX #KansasCityChiefs #PhiladelphiaEagles #Eagles #Chiefs #C‚Ä¶",2025-02-17 20:08:10+00:00,1688689944498147328,"SuperBowl,SuperBowlLIX,KansasCityChiefs,PhiladelphiaEagles,Eagles,Chiefs,C",: relaxing after watching the superbowl #superbowl #superbowllix #kansascitychiefs #philadelphiaeagles #eagles #chiefs #c,"{'neg': 0.0, 'neu': 0.775, 'pos': 0.225, 'compound': 0.4939}",0.4939,0.0,"[('#', 'CARDINAL'), ('kansascitychiefs', 'PERSON'), ('#', 'CARDINAL'), ('#', 'CARDINAL')]",2
1891577644426072534,"Alright #Philly fans!  Your team won the big game!  Now get some sick victory merch to express your bragging rights!  Link is in bio.

#PhiladelphiaEagles #Eagles #SuperBowl #Champions https://t.co/GY5GYQQkSJ",2025-02-17 19:57:08+00:00,1719532712929746944,"Philly,PhiladelphiaEagles,Eagles,SuperBowl,Champions",alright #philly fans! your team won the big game! now get some sick victory merch to express your bragging rights! link is in bio. #philadelphiaeagles #eagles #superbowl #champions,"{'neg': 0.095, 'neu': 0.717, 'pos': 0.189, 'compound': 0.5067}",0.5067,-0.4642857142857142,"[('#superbowl #', 'MONEY')]",3
1891575205572595849,"RT @phillythedawg: It is truly. The. Whole. Team.

#PhiladelphiaEagles #Philly #superbowl #eaglesfootball #EaglesParade https://t.co/3D4fRn‚Ä¶",2025-02-17 19:47:27+00:00,1641604956363866112,"PhiladelphiaEagles,Philly,superbowl,eaglesfootball,EaglesParade",: it is truly. the. whole. team. #philadelphiaeagles #philly #superbowl #eaglesfootball #eaglesparade,"{'neg': 0.0, 'neu': 0.775, 'pos': 0.225, 'compound': 0.4404}",0.4404,0.2,"[('#', 'CARDINAL'), ('philadelphiaeagles', 'PERSON'), ('#', 'CARDINAL'), ('#superbowl #', 'MONEY')]",3
1891574855251755071,"Abbiamo fatto un resoconto dei giocatori proiettati a diventare free agents.

#flyeaglesflyitalia
#FlyEaglesFly #PhiladelphiaEagles #Eagles

https://t.co/f3TNqzoN3O",2025-02-17 19:46:03+00:00,1571106543604572160,"flyeaglesflyitalia,FlyEaglesFly,PhiladelphiaEagles,Eagles",abbiamo fatto un resoconto dei giocatori proiettati a diventare free agents. #flyeaglesflyitalia #flyeaglesfly #philadelphiaeagles #eagles,"{'neg': 0.0, 'neu': 0.798, 'pos': 0.202, 'compound': 0.5106}",0.5106,0.4,"[('abbiamo', 'GPE'), ('un resoconto dei', 'ORG'), ('#', 'CARDINAL'), ('#', 'CARDINAL'), ('#', 'CARDINAL')]",3
1891574685311099190,RT @JasonJDaniel: LOL Philly fans hate Cherelle Parker the mayor of Philadelphia  and boo her because she just won‚Äôt shut up making the sup‚Ä¶,2025-02-17 19:45:23+00:00,1586773204374355968,,: lol philly fans hate cherelle parker the mayor of philadelphia and boo her because she just wont shut up making the sup,"{'neg': 0.14, 'neu': 0.755, 'pos': 0.106, 'compound': -0.2263}",-0.2263,0.0,"[('philadelphia', 'GPE')]",2
1891572406797382054,"RT @hype_phinest: Man, don't start crying now ü§£

Y'all made this mess and now we all got to suffer for it! (via @FFPhinest)

#dallascowboy‚Ä¶",2025-02-17 19:36:20+00:00,3151786817,dallascowboy,": man, don't start crying now y'all made this mess and now we all got to suffer for it! (via ) #dallascowboy","{'neg': 0.254, 'neu': 0.648, 'pos': 0.097, 'compound': -0.6265}",-0.6265,-0.209375,"[('dallascowboy', 'PERSON')]",1
1891572213830090919,"Man, don't start crying now ü§£

Y'all made this mess and now we all got to suffer for it! (via @FFPhinest)

#dallascowboys #newyorkgiants #saquonbarkley #philadelphiaeagles https://t.co/4n07yyc9Te",2025-02-17 19:35:34+00:00,124270313,"dallascowboys,newyorkgiants,saquonbarkley,philadelphiaeagles","man, don't start crying now y'all made this mess and now we all got to suffer for it! (via ) #dallascowboys #newyorkgiants #saquonbarkley #philadelphiaeagles","{'neg': 0.228, 'neu': 0.684, 'pos': 0.087, 'compound': -0.6265}",-0.6265,-0.209375,"[('#', 'CARDINAL'), ('philadelphiaeagles', 'PERSON')]",1
1891572159132176797,How about the Eagles at the Super Bowl this year? üèàü¶Ö‚ù§ superbowl53 #superbowl2025üèà ‚ù§#philadelphiaeagles #kanascitychiefs https://t.co/nVgUw9apPI,2025-02-17 19:35:21+00:00,1890394598230425600,"superbowl2025,philadelphiaeagles,kanascitychiefs",how about the eagles at the super bowl this year? superbowl53 #superbowl2025 #philadelphiaeagles #kanascitychiefs,"{'neg': 0.0, 'neu': 0.769, 'pos': 0.231, 'compound': 0.5994}",0.5994,0.3333333333333333,"[('the super bowl', 'EVENT'), ('this year', 'DATE'), ('kanascitychiefs', 'PERSON')]",0
1891566591030051138,"L'OT dei Philadelphia Eagles, con i quali ha vinto il titolo sia nel 2018 che quest'anno, punta a continuare il resto della sua carriera nella stessa squadra.

#TSOS // #NFL // #PhiladelphiaEagles // #FootballAmericano
https://t.co/tv25BI0jFt",2025-02-17 19:13:13+00:00,1334553309013827585,"TSOS,NFL,PhiladelphiaEagles,FootballAmericano","l'ot dei philadelphia eagles, con i quali ha vinto il titolo sia nel 2018 che quest'anno, punta a continuare il resto della sua carriera nella stessa squadra. #tsos // #nfl // #philadelphiaeagles // #footballamericano","{'neg': 0.0, 'neu': 0.928, 'pos': 0.072, 'compound': 0.34}",0.34,0.0,"[(""l'ot dei philadelphia eagles"", 'PERSON'), ('vinto il titolo sia', 'ORG'), (""2018 che quest'anno"", 'DATE'), ('della sua', 'ORG'), ('nella stessa squadra', 'PERSON'), ('philadelphiaeagles', 'PERSON'), ('footballamericano', 'PERSON')]",0
1891564523103867320,"#Dicount Offer Get #PhiladelphiaEagles Green Anorak Jacket.
Shop From https://t.co/co9F0o4Ird
#ootd #style #gift #fashion #stiching #NFL #Jacket #Winter #summer #sale #clothing #partywear #Menswear #womensfashion #varsity #Bomber #casualjackets #baseballjackets #footballjackets https://t.co/ZGSi18Tas6",2025-02-17 19:05:00+00:00,1207549912805720065,"Dicount,PhiladelphiaEagles,ootd,style,gift,fashion,stiching,NFL,Jacket,Winter,summer,sale,clothing,partywear,Menswear,womensfashion,varsity,Bomber,casualjackets,baseballjackets,footballjackets",#dicount offer get #philadelphiaeagles green anorak jacket. shop from #ootd #style #gift #fashion #stiching #nfl #jacket #winter #summer #sale #clothing #partywear #menswear #womensfashion #varsity #bomber #casualjackets #baseballjackets #footballjackets,"{'neg': 0.0, 'neu': 1.0, 'pos': 0.0, 'compound': 0.0}",0.0,-0.2,"[('#', 'CARDINAL'), ('#', 'CARDINAL'), ('philadelphiaeagles green anorak jacket', 'ORG'), ('shop', 'ORG'), ('#ootd #', 'MONEY'), ('#', 'CARDINAL'), ('#', 'CARDINAL'), ('#', 'CARDINAL'), ('#', 'CARDINAL'), ('#menswear #', 'MONEY'), ('#', 'CARDINAL'), ('#', 'CARDINAL')]",4
1891564470742225204,Eagles parade bigger than either of the tRump inaugurations. #PhiladelphiaEagles #tRump https://t.co/fDpeCvwJmH,2025-02-17 19:04:48+00:00,1520598193,"PhiladelphiaEagles,tRump",eagles parade bigger than either of the trump inaugurations. #philadelphiaeagles #trump,"{'neg': 0.0, 'neu': 1.0, 'pos': 0.0, 'compound': 0.0}",0.0,-0.125,"[('eagles parade', 'GPE'), ('#', 'CARDINAL'), ('philadelphiaeagles', 'PERSON'), ('#', 'CARDINAL'), ('trump', 'PERSON')]",1
1891555840055730189,"Enjoy this compilation of fan reactions to #SuperBowl2025 #Eagles #bgn #PhiladelphiaEagles
https://t.co/dkQovqgh54",2025-02-17 18:30:30+00:00,1518705943369895936,"SuperBowl2025,Eagles,bgn,PhiladelphiaEagles",enjoy this compilation of fan reactions to #superbowl2025 #eagles #bgn #philadelphiaeagles,"{'neg': 0.0, 'neu': 0.621, 'pos': 0.379, 'compound': 0.6705}",0.6705,0.4,"[('#', 'CARDINAL'), ('#', 'CARDINAL'), ('philadelphiaeagles', 'PERSON')]",1
1891550370477851040,"Eagles Superbowl LIX Parade Front Row View Broad Packer
#flyeaglesfly #superbowlLIX #philadelphiaeagles #cheerleaders #jalenhurts #SequonBarkley #jordanmailata #GreedyWilliams #LaneJohnson #LandonDIckerson #cooperdejean #harleydavidson #gilliedakid
https://t.co/HGa87gh0kT",2025-02-17 18:08:46+00:00,1527613414020898816,"flyeaglesfly,superbowlLIX,philadelphiaeagles,cheerleaders,jalenhurts,SequonBarkley,jordanmailata,GreedyWilliams,LaneJohnson,LandonDIckerson,cooperdejean,harleydavidson,gilliedakid",eagles superbowl lix parade front row view broad packer #flyeaglesfly #superbowllix #philadelphiaeagles #cheerleaders #jalenhurts #sequonbarkley #jordanmailata #greedywilliams #lanejohnson #landondickerson #cooperdejean #harleydavidson #gilliedakid,"{'neg': 0.0, 'neu': 1.0, 'pos': 0.0, 'compound': 0.0}",0.0,-0.09375,"[('eagles superbowl', 'PERSON'), ('#', 'CARDINAL'), ('#', 'CARDINAL'), ('#', 'CARDINAL'), ('#', 'CARDINAL'), ('#', 'CARDINAL'), ('#', 'CARDINAL'), ('lanejohnson', 'PERSON')]",4
1891550066365640950,"Saquon Barkley showing off the Eagles Super Bowl Trophy to the Philly fans

#philadelphiaeagles #nfccchamps #superbowlchamps #saquonbarkley https://t.co/4LmCW09Ce0",2025-02-17 18:07:33+00:00,3151786817,"philadelphiaeagles,nfccchamps,superbowlchamps,saquonbarkley",saquon barkley showing off the eagles super bowl trophy to the philly fans #philadelphiaeagles #nfccchamps #superbowlchamps #saquonbarkley,"{'neg': 0.0, 'neu': 0.804, 'pos': 0.196, 'compound': 0.5994}",0.5994,0.3333333333333333,"[('barkley', 'PERSON'), ('#', 'CARDINAL'), ('#', 'CARDINAL'), ('#', 'CARDINAL'), ('#', 'CARDINAL')]",0
1891545864767750435,RT @MrGo30: Film session w/ Coach 30 - #PhiladelphiaEagles vs. #KansasCityChiefs #SuperBowlLIX https://t.co/KQVW2dxxHD,2025-02-17 17:50:52+00:00,3235032560,"PhiladelphiaEagles,KansasCityChiefs,SuperBowlLIX",: film session w/ coach 30 - #philadelphiaeagles vs. #kansascitychiefs #superbowllix,"{'neg': 0.0, 'neu': 1.0, 'pos': 0.0, 'compound': 0.0}",0.0,0.0,"[('30 - #', 'MONEY'), ('philadelphiaeagles', 'PERSON'), ('kansascitychiefs', 'PERSON')]",0
1891545699180814741,"Rock Em Socks Philadelphia Eagles Disney Three-Pack Crew Socks Set https://t.co/NUrZyKtSnq
#philadelphiaeagles #ad #football",2025-02-17 17:50:12+00:00,21428264,"philadelphiaeagles,ad,football",rock em socks philadelphia eagles disney three-pack crew socks set #philadelphiaeagles #ad #football,"{'neg': 0.0, 'neu': 1.0, 'pos': 0.0, 'compound': 0.0}",0.0,0.0,"[('philadelphia eagles disney', 'ORG'), ('three', 'CARDINAL'), ('#', 'CARDINAL'), ('#', 'CARDINAL')]",2
1891544353081905425,"It is truly. The. Whole. Team.

#PhiladelphiaEagles #Philly #superbowl #eaglesfootball #EaglesParade https://t.co/3D4fRnGRdY",2025-02-17 17:44:51+00:00,1868445780563922944,"PhiladelphiaEagles,Philly,superbowl,eaglesfootball,EaglesParade",it is truly. the. whole. team. #philadelphiaeagles #philly #superbowl #eaglesfootball #eaglesparade,"{'neg': 0.0, 'neu': 0.775, 'pos': 0.225, 'compound': 0.4404}",0.4404,0.2,"[('#', 'CARDINAL'), ('philadelphiaeagles', 'PERSON'), ('#', 'CARDINAL'), ('#superbowl #', 'MONEY')]",3
1891539139226681649,"Leave it to a self-important Democratic politician to screw up a Super Bowl parade.

#Democrats #Football #NFL #Pennsylvania #Philadelphia #PhiladelphiaEagles #Sports #SuperBowl #Viralvideo https://t.co/SKegH8b7ba",2025-02-17 17:24:08+00:00,2217181338,"Democrats,Football,NFL,Pennsylvania,Philadelphia,PhiladelphiaEagles,Sports,SuperBowl,Viralvideo",leave it to a self-important democratic politician to screw up a super bowl parade. #democrats #football #nfl #pennsylvania #philadelphia #philadelphiaeagles #sports #superbowl #viralvideo,"{'neg': 0.106, 'neu': 0.735, 'pos': 0.159, 'compound': 0.5106}",0.5106,0.0416666666666666,"[('#', 'CARDINAL'), ('#', 'CARDINAL'), ('#', 'CARDINAL'), ('pennsylvania', 'GPE'), ('#', 'CARDINAL'), ('#', 'CARDINAL'), ('#', 'CARDINAL')]",1
1891538071285338430,‚Äú&amp; the winner is the philadelphia eagles‚Äù #TaylorSwift #PhiladelphiaEagles #GRAMMYs #emmys #SuperBowlChamps https://t.co/EwZ5ZCbdy6,2025-02-17 17:19:53+00:00,108827507,"TaylorSwift,PhiladelphiaEagles,GRAMMYs,emmys,SuperBowlChamps",&amp; the winner is the philadelphia eagles #taylorswift #philadelphiaeagles #grammys #emmys #superbowlchamps,"{'neg': 0.0, 'neu': 0.743, 'pos': 0.257, 'compound': 0.5859}",0.5859,0.0,"[('philadelphia', 'GPE'), ('#', 'CARDINAL'), ('#', 'CARDINAL'), ('#', 'CARDINAL'), ('superbowlchamps', 'PERSON')]",2
1891537648117792951,"https://t.co/2Hd6sA5nWy
#Philadelphia
#PhiladelphiaEagles
#Sweatshirt",2025-02-17 17:18:13+00:00,122414616,"Philadelphia,PhiladelphiaEagles,Sweatshirt",#philadelphia #philadelphiaeagles #sweatshirt,"{'neg': 0.0, 'neu': 1.0, 'pos': 0.0, 'compound': 0.0}",0.0,0.0,"[('#philadelphia #', 'MONEY')]",1
1891533144857133067,"Eagles Super Bowl Champions! Unbelievable Win!
#PhiladelphiaEagles #SuperBowl #SuperBowlChampions #NFL #EaglesVictory #AmericanFootball #SportsCelebration #Victory #Championship #NFLSeason https://t.co/OcCLD6Fta5",2025-02-17 17:00:19+00:00,1451981435368259588,"PhiladelphiaEagles,SuperBowl,SuperBowlChampions,NFL,EaglesVictory,AmericanFootball,SportsCelebration,Victory,Championship,NFLSeason",eagles super bowl champions! unbelievable win! #philadelphiaeagles #superbowl #superbowlchampions #nfl #eaglesvictory #americanfootball #sportscelebration #victory #championship #nflseason,"{'neg': 0.0, 'neu': 0.471, 'pos': 0.529, 'compound': 0.9258}",0.9258,0.3888888888888888,"[('super bowl', 'EVENT'), ('#', 'CARDINAL'), ('#', 'CARDINAL'), ('#', 'CARDINAL'), ('#americanfootball #', 'MONEY'), ('#', 'CARDINAL')]",0
1891523354189766720,"From game-worn jerseys to autographed sports legends' gear, exclusive, authenticated memorabilia üèÄüèà‚öæüèí

üõçÔ∏è Shop Now ‚Üí https://t.co/kqVBDmhe8h

#EmpireMemorabilia #SportsCollectors #GameUsedJersey #SignedJerseys #Jalenhurts #philadelphiaeagles #superbowlLIX #superbowl59 https://t.co/yYSJl7gcAj",2025-02-17 16:21:25+00:00,1832492422967738368,"EmpireMemorabilia,SportsCollectors,GameUsedJersey,SignedJerseys,Jalenhurts,philadelphiaeagles,superbowlLIX,superbowl59","from game-worn jerseys to autographed sports legends' gear, exclusive, authenticated memorabilia shop now #empirememorabilia #sportscollectors #gameusedjersey #signedjerseys #jalenhurts #philadelphiaeagles #superbowllix #superbowl59","{'neg': 0.0, 'neu': 0.93, 'pos': 0.07, 'compound': 0.128}",0.128,0.0,"[('#', 'CARDINAL'), ('#', 'CARDINAL'), ('#', 'CARDINAL'), ('#', 'CARDINAL'), ('#', 'CARDINAL'), ('superbowl59', 'MONEY')]",0
1891508909040349376,"Check out Jeff Hamilton Philadelphia Eagles Black  Leather Bomber Jacket XXL Exclusive New Limited
#Eagles
#JeffHamilton
#PhiladelphiaEagles
#NFL

https://t.co/gAugznlcwC #eBay via @eBay",2025-02-17 15:24:01+00:00,18857024,"Eagles,JeffHamilton,PhiladelphiaEagles,NFL,eBay",check out jeff hamilton philadelphia eagles black leather bomber jacket xxl exclusive new limited #eagles #jeffhamilton #philadelphiaeagles #nfl #ebay via,"{'neg': 0.089, 'neu': 0.841, 'pos': 0.07, 'compound': -0.1027}",-0.1027,-0.0339105339105339,"[('jeff hamilton', 'PERSON'), ('philadelphia', 'GPE'), ('jeffhamilton', 'PERSON'), ('#', 'CARDINAL'), ('nfl', 'PERSON'), ('#', 'CARDINAL'), ('ebay', 'PERSON')]",0
1891504703655088451,The #Chiefs   Ran Into the Boogeymen  #PhiladelphiaEagles  #SuperBowl2025  #NFL  #shorts https://t.co/IHnAfERveW,2025-02-17 15:07:18+00:00,1636908213709725696,"Chiefs,PhiladelphiaEagles,SuperBowl2025,NFL,shorts",the #chiefs ran into the boogeymen #philadelphiaeagles #superbowl2025 #nfl #shorts,"{'neg': 0.0, 'neu': 1.0, 'pos': 0.0, 'compound': 0.0}",0.0,0.0,"[('#', 'CARDINAL'), ('#', 'CARDINAL'), ('shorts', 'PERSON')]",1
1891504559085728001,"Adversity Doesn't Hurt(s)

#NFL  #SuperBowl2025  #PhiladelphiaEagles  #bama #shorts https://t.co/AQvKFZILlZ",2025-02-17 15:06:43+00:00,1636908213709725696,"NFL,SuperBowl2025,PhiladelphiaEagles,bama,shorts",adversity doesn't hurt(s) #nfl #superbowl2025 #philadelphiaeagles #bama #shorts,"{'neg': 0.286, 'neu': 0.714, 'pos': 0.0, 'compound': -0.4215}",-0.4215,0.0,"[('nfl', 'PERSON'), ('#', 'CARDINAL'), ('superbowl2025', 'PERSON'), ('#', 'CARDINAL'), ('shorts', 'PERSON')]",1
1891502427079082242,"Is This the Greatest Philadelphia Eagles Team Ever?
#PhiladelphiaEagles #EaglesHistory #NFLRecords #BestTeamEver #RushingYards #SportsTalk #EaglesNation #FootballFever #TeamSuccess #StayHealthy https://t.co/rS6UO2gFMQ",2025-02-17 14:58:15+00:00,1881504786786488320,"PhiladelphiaEagles,EaglesHistory,NFLRecords,BestTeamEver,RushingYards,SportsTalk,EaglesNation,FootballFever,TeamSuccess,StayHealthy",is this the greatest philadelphia eagles team ever? #philadelphiaeagles #eagleshistory #nflrecords #bestteamever #rushingyards #sportstalk #eaglesnation #footballfever #teamsuccess #stayhealthy,"{'neg': 0.0, 'neu': 0.802, 'pos': 0.198, 'compound': 0.6369}",0.6369,1.0,"[('#', 'CARDINAL'), ('#', 'CARDINAL'), ('#', 'CARDINAL')]",1
1891500402605998182,"Super Bowl Champions Baby‚ÄºÔ∏è‚ÄºÔ∏è
#PhiladelphiaEagles #SuperBowlChamps https://t.co/QBeWYm1Ps0",2025-02-17 14:50:13+00:00,2492059329,"PhiladelphiaEagles,SuperBowlChamps",super bowl champions baby #philadelphiaeagles #superbowlchamps,"{'neg': 0.0, 'neu': 0.354, 'pos': 0.646, 'compound': 0.8074}",0.8074,0.3333333333333333,"[('super bowl', 'EVENT'), ('#', 'CARDINAL'), ('#', 'CARDINAL'), ('superbowlchamps', 'PERSON')]",2
1891500215099641938,"#PhiladelphiaEagles #JalyxHunt gets #Fined $5,000 for celebrating sack. The celebration that was determined to be unsportsmanlike due to its ‚Äúviolent gesture‚Äù involved #JalyxHunt mimicking shooting off a bow and arrow after bringing down #KC‚Äôs #PatrickMahomes. #NFL #MakingHistory https://t.co/N7cT2h58d1",2025-02-17 14:49:28+00:00,222846092,"PhiladelphiaEagles,JalyxHunt,Fined,JalyxHunt,KC,PatrickMahomes,NFL,MakingHistory","#philadelphiaeagles #jalyxhunt gets #fined $5,000 for celebrating sack. the celebration that was determined to be unsportsmanlike due to its violent gesture involved #jalyxhunt mimicking shooting off a bow and arrow after bringing down #kcs #patrickmahomes. #nfl #makinghistory","{'neg': 0.091, 'neu': 0.767, 'pos': 0.142, 'compound': 0.296}",0.296,-0.3601851851851852,"[('#', 'CARDINAL'), ('#', 'CARDINAL'), ('jalyxhunt', 'PERSON'), ('#', 'CARDINAL'), ('5,000', 'MONEY'), ('#', 'CARDINAL'), ('#', 'CARDINAL'), ('#', 'CARDINAL'), ('nfl', 'PERSON'), ('#', 'CARDINAL')]",0
1891500169620807998,RT @MrGo30: Film session w/ Coach 30 - #PhiladelphiaEagles vs. #KansasCityChiefs #SuperBowlLIX https://t.co/KQVW2dxxHD,2025-02-17 14:49:17+00:00,58151609,"PhiladelphiaEagles,KansasCityChiefs,SuperBowlLIX",: film session w/ coach 30 - #philadelphiaeagles vs. #kansascitychiefs #superbowllix,"{'neg': 0.0, 'neu': 1.0, 'pos': 0.0, 'compound': 0.0}",0.0,0.0,"[('30 - #', 'MONEY'), ('philadelphiaeagles', 'PERSON'), ('kansascitychiefs', 'PERSON')]",0
1891497578874781979,RT @MissKittyBoomB1: My after party outfit from the Super Bowl . #PhiladelphiaEagles #SuperBowl #afterparty #bigbootylina https://t.co/tNXO‚Ä¶,2025-02-17 14:38:59+00:00,1255702268155838474,"PhiladelphiaEagles,SuperBowl,afterparty,bigbootylina",: my after party outfit from the super bowl . #philadelphiaeagles #superbowl #afterparty #bigbootylina,"{'neg': 0.0, 'neu': 0.602, 'pos': 0.398, 'compound': 0.765}",0.765,0.3333333333333333,"[('#', 'CARDINAL'), ('bigbootylina', 'PERSON')]",0
1891487795815862467,"Nick Sirianni‚Äôs contract situation in his walk year and how much the Eagles will have to pay him üèà

#NFL #PhiladelphiaEagles #NickSirianni #Sirianni #SuperBowlLIX
https://t.co/Pp0z54ixbu",2025-02-17 14:00:07+00:00,601993521,"NFL,PhiladelphiaEagles,NickSirianni,Sirianni,SuperBowlLIX",nick siriannis contract situation in his walk year and how much the eagles will have to pay him #nfl #philadelphiaeagles #nicksirianni #sirianni #superbowllix,"{'neg': 0.06, 'neu': 0.94, 'pos': 0.0, 'compound': -0.1027}",-0.1027,0.2,"[('nick siriannis', 'PERSON'), ('year', 'DATE'), ('#nfl #', 'MONEY'), ('sirianni', 'PERSON'), ('#', 'CARDINAL')]",0
1891465166828568980,"#professortesla
#PhiladelphiaEagles
#maclung #followme https://t.co/jFDHraMAtT",2025-02-17 12:30:12+00:00,1758098752936583169,"professortesla,PhiladelphiaEagles,maclung,followme",#professortesla #philadelphiaeagles #maclung #followme,"{'neg': 0.0, 'neu': 1.0, 'pos': 0.0, 'compound': 0.0}",0.0,0.0,"[('#', 'CARDINAL'), ('#', 'CARDINAL'), ('#', 'CARDINAL'), ('followme', 'PERSON')]",1
1891450550064992407,"ü¶Öüíö‚ú®üëë‚ú® Viral MOVIE!!!
Legendary Vibes!!
Ima Win Everyday of my Life.
S/O #PhiladelphiaEagles
@Eagles @NBCPhiladelphia @FOX29philly @NBCSPhilly @PhillyTakewRB @PhillyInquirer @sixers @LFFStadium https://t.co/3wcBFO2n3Z",2025-02-17 11:32:07+00:00,1442546016964648963,PhiladelphiaEagles,viral movie!!! legendary vibes!! ima win everyday of my life. s/o #philadelphiaeagles,"{'neg': 0.0, 'neu': 0.689, 'pos': 0.311, 'compound': 0.7156}",0.7156,0.5333333333333333,"[('#', 'CARDINAL'), ('philadelphiaeagles', 'PERSON')]",1
1891430360740663654,Name this album ü§£ #philadelphiaeagles #saquonbarkley #jalenhurts #superbowllix #weaponxeaglesmedia https://t.co/k4XATpEWMC,2025-02-17 10:11:53+00:00,1518443158568415235,"philadelphiaeagles,saquonbarkley,jalenhurts,superbowllix,weaponxeaglesmedia",name this album #philadelphiaeagles #saquonbarkley #jalenhurts #superbowllix #weaponxeaglesmedia,"{'neg': 0.0, 'neu': 1.0, 'pos': 0.0, 'compound': 0.0}",0.0,0.0,"[('#', 'CARDINAL'), ('#', 'CARDINAL'), ('#', 'CARDINAL')]",1
1891425271611310310,RT @J_VanceJR: #PhiladelphiaEagles do you guys practice? This team looks bad not giving up on you but come on..,2025-02-17 09:51:40+00:00,1831871067905724416,PhiladelphiaEagles,: #philadelphiaeagles do you guys practice? this team looks bad not giving up on you but come on..,"{'neg': 0.201, 'neu': 0.799, 'pos': 0.0, 'compound': -0.4153}",-0.4153,-0.6999999999999998,"[('#', 'CARDINAL'), ('philadelphiaeagles', 'PERSON')]",0
1891416585325212008,RT @MrGo30: Film session w/ Coach 30 - #PhiladelphiaEagles vs. #KansasCityChiefs #SuperBowlLIX https://t.co/KQVW2dxxHD,2025-02-17 09:17:09+00:00,337778193,"PhiladelphiaEagles,KansasCityChiefs,SuperBowlLIX",: film session w/ coach 30 - #philadelphiaeagles vs. #kansascitychiefs #superbowllix,"{'neg': 0.0, 'neu': 1.0, 'pos': 0.0, 'compound': 0.0}",0.0,0.0,"[('30 - #', 'MONEY'), ('philadelphiaeagles', 'PERSON'), ('kansascitychiefs', 'PERSON')]",0
1891416379040956563,"Jalen Hurts big head Philadelphia Eagles Super Bowl LIX Champions signature shirt
https://t.co/8syRxqULRR
#shirt #onemore #onemoretshirt #JalenHurts #PhiladelphiaEagles #Eagles #SuperBowl #SuperBowlLIX #Champions https://t.co/ivrEFwvM2K",2025-02-17 09:16:20+00:00,1875042927027929088,"shirt,onemore,onemoretshirt,JalenHurts,PhiladelphiaEagles,Eagles,SuperBowl,SuperBowlLIX,Champions",jalen hurts big head philadelphia eagles super bowl lix champions signature shirt #shirt #onemore #onemoretshirt #jalenhurts #philadelphiaeagles #eagles #superbowl #superbowllix #champions,"{'neg': 0.109, 'neu': 0.634, 'pos': 0.257, 'compound': 0.6369}",0.6369,0.1666666666666666,"[('jalen hurts big head', 'PERSON'), ('philadelphia', 'GPE'), ('#', 'CARDINAL'), ('#', 'CARDINAL'), ('#', 'CARDINAL'), ('#superbowl #', 'MONEY'), ('#', 'CARDINAL')]",2
1891404462398296292,New friends ü§ìüßêü§®#Philadelphia #Philly #phillymeetup #phillyts #PhiladelphiaEagles #pa #friends #add #AddMeFast #fame,2025-02-17 08:28:59+00:00,1836894466419863552,"Philadelphia,Philly,phillymeetup,phillyts,PhiladelphiaEagles,pa,friends,add,AddMeFast,fame",new friends #philadelphia #philly #phillymeetup #phillyts #philadelphiaeagles #pa #friends #add #addmefast #fame,"{'neg': 0.0, 'neu': 0.78, 'pos': 0.22, 'compound': 0.4767}",0.4767,0.1363636363636363,"[('#philadelphia #', 'MONEY'), ('#', 'CARDINAL'), ('#', 'CARDINAL'), ('#', 'CARDINAL'), ('#', 'CARDINAL')]",1
1891384609578918003,"Check out Jeff Hamilton Philadelphia Eagles Black  Leather Bomber Jacket XXL Exclusive New
#Eagles
#PhiladelphiaEagles
#JeffHamilton

https://t.co/gAugznlcwC #eBay via @eBay",2025-02-17 07:10:05+00:00,18857024,"Eagles,PhiladelphiaEagles,JeffHamilton,eBay",check out jeff hamilton philadelphia eagles black leather bomber jacket xxl exclusive new #eagles #philadelphiaeagles #jeffhamilton #ebay via,"{'neg': 0.0, 'neu': 0.919, 'pos': 0.081, 'compound': 0.128}",0.128,-0.0151515151515151,"[('jeff hamilton', 'PERSON'), ('philadelphia', 'GPE'), ('#eagles #', 'MONEY'), ('jeffhamilton', 'PERSON'), ('ebay', 'PERSON')]",0
1891378468631232765,NFL 2025 #philadelphiaeagles #Super Bowl #kansascitychiefs #jalienz https://t.co/2ipwlN0Kg6 via @YouTube,2025-02-17 06:45:41+00:00,1316530124435718145,"philadelphiaeagles,Super,kansascitychiefs,jalienz",nfl 2025 #philadelphiaeagles #super bowl #kansascitychiefs #jalienz via,"{'neg': 0.0, 'neu': 1.0, 'pos': 0.0, 'compound': 0.0}",0.0,0.3333333333333333,"[('2025', 'DATE'), ('philadelphiaeagles', 'PERSON'), ('#', 'CARDINAL'), ('kansascitychiefs', 'PERSON'), ('jalienz', 'PERSON')]",2
1891372023097540960,RT @MrGo30: Film session w/ Coach 30 - #PhiladelphiaEagles vs. #KansasCityChiefs #SuperBowlLIX https://t.co/KQVW2dxxHD,2025-02-17 06:20:04+00:00,92691025,"PhiladelphiaEagles,KansasCityChiefs,SuperBowlLIX",: film session w/ coach 30 - #philadelphiaeagles vs. #kansascitychiefs #superbowllix,"{'neg': 0.0, 'neu': 1.0, 'pos': 0.0, 'compound': 0.0}",0.0,0.0,"[('30 - #', 'MONEY'), ('philadelphiaeagles', 'PERSON'), ('kansascitychiefs', 'PERSON')]",0
1891358163376414733,"üéÇ#DevinWhiteüîóhttps://t.co/weOXyczkJL
üèà#LSUTigers #TampaBayBuccaneers #PhiladelphiaEagles #HoustonTexans
Your #NFT collectible #sportscards with videoüé•on the blockchain
#NFL #FantasyFootballüèÜ#OpenSeaNFT #PolygonNFT #Polygon https://t.co/QLFwph37Cl",2025-02-17 05:25:00+00:00,1385462727905263618,"DevinWhite,LSUTigers,TampaBayBuccaneers,PhiladelphiaEagles,HoustonTexans,NFT,sportscards,NFL,FantasyFootball,OpenSeaNFT,PolygonNFT,Polygon",#devinwhite #lsutigers #tampabaybuccaneers #philadelphiaeagles #houstontexans your #nft collectible #sportscards with videoon the blockchain #nfl #fantasyfootball#openseanft #polygonnft #polygon,"{'neg': 0.0, 'neu': 1.0, 'pos': 0.0, 'compound': 0.0}",0.0,-0.5,"[('#', 'CARDINAL'), ('#', 'CARDINAL'), ('#', 'CARDINAL'), ('#', 'CARDINAL'), ('#', 'CARDINAL'), ('#', 'CARDINAL'), ('#', 'CARDINAL'), ('polygon', 'PERSON')]",2
1891356368755474755,"RT @JGilliam_SEAL: ‚ö†Ô∏èHOW TO BE WINNERS AND LOSERS AT THE SAME TIME‚ö†Ô∏è

THE #PhiladelphiaEagles (who I rooted for) have quickly turned their‚Ä¶",2025-02-17 05:17:52+00:00,2874125403,PhiladelphiaEagles,: how to be winners and losers at the same time the #philadelphiaeagles (who i rooted for) have quickly turned their,"{'neg': 0.145, 'neu': 0.723, 'pos': 0.132, 'compound': -0.0772}",-0.0772,0.0444444444444444,"[('#', 'CARDINAL'), ('philadelphiaeagles', 'PERSON')]",0
1891346682429772040,Please tell me I‚Äôm not the only one..ü§∑üèæ‚Äç‚ôÇÔ∏è #kendricklamar #superbowl #philadelphiaeagles #notlikeus #black #blacktiktok #ijs #fyp #viralvideo #viraltiktok #KendrickLamar #KendrickBowl https://t.co/Ve782UB5mR,2025-02-17 04:39:23+00:00,3178535608,"kendricklamar,superbowl,philadelphiaeagles,notlikeus,black,blacktiktok,ijs,fyp,viralvideo,viraltiktok,KendrickLamar,KendrickBowl",please tell me im not the only one.. #kendricklamar #superbowl #philadelphiaeagles #notlikeus #black #blacktiktok #ijs #fyp #viralvideo #viraltiktok #kendricklamar #kendrickbowl,"{'neg': 0.0, 'neu': 0.892, 'pos': 0.108, 'compound': 0.3182}",0.3182,-0.0833333333333333,"[('#superbowl #', 'MONEY'), ('#black #', 'MONEY'), ('#', 'CARDINAL'), ('#viraltiktok #', 'MONEY'), ('kendricklamar', 'PERSON'), ('#', 'CARDINAL')]",1
1891344700717908031,"üö© Offsides on Philadelphia Eagles    4 Yards
üìã 36 yd line     4th Qtr, 5:26
üí¨ Fan Rating: 3.0/5

üìù meh #PhiladelphiaEagles #FlyEaglesFly #NFL #KansasCityChiefs #ChiefsKingdom #NFL

#ChallengeFlagRatings",2025-02-17 04:31:30+00:00,897205080016928768,"PhiladelphiaEagles,FlyEaglesFly,NFL,KansasCityChiefs,ChiefsKingdom,NFL,ChallengeFlagRatings","offsides on philadelphia eagles 4 yards 36 yd line 4th qtr, 5:26 fan rating: 3.0/5 meh #philadelphiaeagles #flyeaglesfly #nfl #kansascitychiefs #chiefskingdom #nfl #challengeflagratings","{'neg': 0.055, 'neu': 0.847, 'pos': 0.097, 'compound': 0.25}",0.25,0.0,"[('philadelphia', 'GPE'), ('4 yards', 'QUANTITY'), ('4th', 'ORDINAL'), ('5:26', 'CARDINAL'), ('3.0/5', 'CARDINAL'), ('#', 'CARDINAL'), ('#', 'CARDINAL'), ('#', 'CARDINAL'), ('kansascitychiefs', 'PERSON'), ('#', 'CARDINAL')]",0
1891341663294914910,Philadelphia Eagles Fan Swifties Can LIX My Balls T-Shirt #PhiladelphiaEagles #Swifties #koolteee https://t.co/DyN13H8Njn https://t.co/ggq9IeKeHt,2025-02-17 04:19:26+00:00,486339514,"PhiladelphiaEagles,Swifties,koolteee",philadelphia eagles fan swifties can lix my balls t-shirt #philadelphiaeagles #swifties #koolteee,"{'neg': 0.0, 'neu': 0.827, 'pos': 0.173, 'compound': 0.3182}",0.3182,0.0,"[('philadelphia eagles fan swifties', 'ORG'), ('#koolteee', 'QUANTITY')]",2
1891339171425403069,Birds  fans STOP arguing with losers! We are the SUPER BOWL CHAMPS!!!ü•π We can win 10 straight Super bowls and people will NEVER respect us!ü§∑üèæüòâ Enjoy ALLLLLLL this! We deserve it üèÜüèÜü¶Ö #FlyEaglesFly‚ÄØ #Eagles #noonelikesuswedontcare #PhiladelphiaEagles #nfl #NFC https://t.co/cdm5dYN7fQ,2025-02-17 04:09:32+00:00,478125191,"FlyEaglesFly,Eagles,noonelikesuswedontcare,PhiladelphiaEagles,nfl,NFC",birds fans stop arguing with losers! we are the super bowl champs!!! we can win 10 straight super bowls and people will never respect us! enjoy alllllll this! we deserve it #flyeaglesfly #eagles #noonelikesuswedontcare #philadelphiaeagles #nfl #nfc,"{'neg': 0.237, 'neu': 0.464, 'pos': 0.3, 'compound': 0.6894}",0.6894,0.3862847222222221,"[('10', 'CARDINAL'), ('#', 'CARDINAL'), ('#eagles #', 'MONEY'), ('#', 'CARDINAL')]",3
1891337399902548121,"Eagles Nightly Cafe Presents - Eagles Talk Episode 1 (Preview) https://t.co/fWLimbpD3r via @YouTube - I officially started my shows, turns out I will do talk show, and eagles content videos too! This is first preview for Side Talks.

#NFL #PhiladelphiaEagles #Vtubers #ENVtuber",2025-02-17 04:02:30+00:00,69046232,"NFL,PhiladelphiaEagles,Vtubers,ENVtuber","eagles nightly cafe presents - eagles talk episode 1 (preview) via - i officially started my shows, turns out i will do talk show, and eagles content videos too! this is first preview for side talks. #nfl #philadelphiaeagles #vtubers #envtuber","{'neg': 0.0, 'neu': 1.0, 'pos': 0.0, 'compound': 0.0}",0.0,0.25,"[('eagles nightly', 'ORG'), ('first', 'ORDINAL'), ('#', 'CARDINAL'), ('#', 'CARDINAL'), ('envtuber', 'MONEY')]",3
1891336945671741945,RT @MrGo30: Film session w/ Coach 30 - #PhiladelphiaEagles vs. #KansasCityChiefs #SuperBowlLIX https://t.co/KQVW2dxxHD,2025-02-17 04:00:41+00:00,2843232551,"PhiladelphiaEagles,KansasCityChiefs,SuperBowlLIX",: film session w/ coach 30 - #philadelphiaeagles vs. #kansascitychiefs #superbowllix,"{'neg': 0.0, 'neu': 1.0, 'pos': 0.0, 'compound': 0.0}",0.0,0.0,"[('30 - #', 'MONEY'), ('philadelphiaeagles', 'PERSON'), ('kansascitychiefs', 'PERSON')]",0
1891336694147744158,Cooper DeJean Pick 6 - CINEMA #philadelphiaeagles #nfl https://t.co/EfpXWB4Wul via @YouTube,2025-02-17 03:59:41+00:00,1271623196597465093,"philadelphiaeagles,nfl",cooper dejean pick 6 - cinema #philadelphiaeagles #nfl via,"{'neg': 0.0, 'neu': 1.0, 'pos': 0.0, 'compound': 0.0}",0.0,0.0,"[('cooper dejean', 'ORG'), ('6 - cinema', 'QUANTITY'), ('#', 'CARDINAL'), ('nfl via', 'PERSON')]",1
1891334785806536890,RT @DGecsey48812: Never have I been so happy to see #TaylorSwift get Booed at the #SuperBowlLIX and loved to see my #PhiladelphiaEagles win‚Ä¶,2025-02-17 03:52:06+00:00,1309353555296481281,"TaylorSwift,SuperBowlLIX,PhiladelphiaEagles",: never have i been so happy to see #taylorswift get booed at the #superbowllix and loved to see my #philadelphiaeagles win,"{'neg': 0.0, 'neu': 0.577, 'pos': 0.423, 'compound': 0.9252}",0.9252,0.7666666666666666,"[('#', 'CARDINAL'), ('#', 'CARDINAL')]",0
1891331448486887432,"Love, Hurts. A shot from the Eagles Championship Paradeüì∏ #Philadelphia #PhiladelphiaEagles https://t.co/dSo84bZrFO",2025-02-17 03:38:51+00:00,947946300024246277,"Philadelphia,PhiladelphiaEagles","love, hurts. a shot from the eagles championship parade #philadelphia #philadelphiaeagles","{'neg': 0.18, 'neu': 0.407, 'pos': 0.413, 'compound': 0.6124}",0.6124,0.125,"[('the eagles championship parade', 'LOC'), ('#philadelphia #', 'MONEY'), ('philadelphiaeagles', 'PERSON')]",1
1891328755391402324,Sis and I were just having a casual cup of coffee in a local hotel lobby a few nights ago and guess who we ran into in the parking garage? Two of the nicest guys ever! What an incredible surprise! #PhiladelphiaEagles #SuperBowlChamps #BigTicket77 #MekhiBecton #JordanMailata https://t.co/4RgJr19kOa,2025-02-17 03:28:09+00:00,1610106882986835969,"PhiladelphiaEagles,SuperBowlChamps,BigTicket77,MekhiBecton,JordanMailata",sis and i were just having a casual cup of coffee in a local hotel lobby a few nights ago and guess who we ran into in the parking garage? two of the nicest guys ever! what an incredible surprise! #philadelphiaeagles #superbowlchamps #bigticket77 #mekhibecton #jordanmailata,"{'neg': 0.0, 'neu': 0.808, 'pos': 0.192, 'compound': 0.7772}",0.7772,0.0624999999999999,"[('a few nights ago', 'DATE'), ('two', 'CARDINAL'), ('#', 'CARDINAL'), ('philadelphiaeagles', 'PERSON'), ('#', 'CARDINAL'), ('bigticket77', 'PERSON'), ('mekhibecton', 'PERSON'), ('jordanmailata', 'PERSON')]",1
1891320246377566579,"Jalen Hurts vs. Joe Burrow: Who's the Better QB?
#JalenHurts #NFL #SuperBowlMVP #PhiladelphiaEagles #TopQuarterback #NFLHighlights #JoeBurrow #AFCchampionship #NFCchampionship #SportsDebate https://t.co/04fmWeSDuM",2025-02-17 02:54:20+00:00,1451981435368259588,"JalenHurts,NFL,SuperBowlMVP,PhiladelphiaEagles,TopQuarterback,NFLHighlights,JoeBurrow,AFCchampionship,NFCchampionship,SportsDebate",jalen hurts vs. joe burrow: who's the better qb? #jalenhurts #nfl #superbowlmvp #philadelphiaeagles #topquarterback #nflhighlights #joeburrow #afcchampionship #nfcchampionship #sportsdebate,"{'neg': 0.135, 'neu': 0.739, 'pos': 0.126, 'compound': -0.0516}",-0.0516,0.5,"[('jalen hurts', 'PERSON'), ('joe burrow', 'PERSON'), ('#', 'CARDINAL'), ('#', 'CARDINAL')]",1
1891316959288930751,"RT @shekelup: Eagles DESTROY Chiefs! Epic Game Review
#EaglesChiefsGame #NFL #GameReview #PhiladelphiaEagles #KansasCityChiefs #PatrickMaho‚Ä¶",2025-02-17 02:41:16+00:00,1727747825054732288,"EaglesChiefsGame,NFL,GameReview,PhiladelphiaEagles,KansasCityChiefs,PatrickMaho",: eagles destroy chiefs! epic game review #eagleschiefsgame #nfl #gamereview #philadelphiaeagles #kansascitychiefs #patrickmaho,"{'neg': 0.256, 'neu': 0.744, 'pos': 0.0, 'compound': -0.5848}",-0.5848,-0.1833333333333333,"[('eagles destroy chiefs', 'ORG'), ('#', 'CARDINAL'), ('#', 'CARDINAL'), ('#', 'CARDINAL'), ('#', 'CARDINAL'), ('kansascitychiefs', 'PERSON')]",0
1891315294351642755,"RT @TChocolatePage: He does it again #flyeaglesfly
‚Ä¢
One time for Billy Soul to end the yearüèÜ

#philadelphiaeagles #superbowl #champions h‚Ä¶",2025-02-17 02:34:39+00:00,873279874261110784,"flyeaglesfly,philadelphiaeagles,superbowl,champions",: he does it again #flyeaglesfly one time for billy soul to end the year #philadelphiaeagles #superbowl #champions h,"{'neg': 0.0, 'neu': 1.0, 'pos': 0.0, 'compound': 0.0}",0.0,0.0,"[('#', 'CARDINAL'), ('one', 'CARDINAL'), ('#superbowl #', 'MONEY')]",4
1891310988227399829,"https://t.co/jdsybLaVuI
#football #footballfans #footballteam #superbowl #SuperBowl2025 #SuperBowlChamps #eagles #PhiladelphiaEagles #merch",2025-02-17 02:17:33+00:00,1519514867769692160,"football,footballfans,footballteam,superbowl,SuperBowl2025,SuperBowlChamps,eagles,PhiladelphiaEagles,merch",#football #footballfans #footballteam #superbowl #superbowl2025 #superbowlchamps #eagles #philadelphiaeagles #merch,"{'neg': 0.0, 'neu': 1.0, 'pos': 0.0, 'compound': 0.0}",0.0,0.0,"[('#', 'CARDINAL'), ('#superbowl #', 'MONEY'), ('#', 'CARDINAL')]",1
1891310244371865854,"Philadelphia Eagles Swifties can LIX my balls shirt
Buy it: https://t.co/GQpizMnd9v
#PhiladelphiaEagles  #Swifties  #myballs #shirt https://t.co/849uanlYOx",2025-02-17 02:14:35+00:00,1889858816382214144,"PhiladelphiaEagles,Swifties,myballs,shirt",philadelphia eagles swifties can lix my balls shirt buy it: #philadelphiaeagles #swifties #myballs #shirt,"{'neg': 0.0, 'neu': 1.0, 'pos': 0.0, 'compound': 0.0}",0.0,0.0,"[('philadelphia', 'GPE'), ('#', 'CARDINAL'), ('#', 'CARDINAL'), ('myballs', 'PERSON'), ('#', 'CARDINAL')]",2
1891309175679889686,I‚Äôm at the #SuperBowlParade featuring the #PhiladelphiaEagles 2nd Super Bowl victory at #PhiladelphiaMuseumofArt (#ArtMuseum) for their biggest moments ever. #SuperBowlChampions #JalenHurts #LoveHurts https://t.co/jfAEsvpvis,2025-02-17 02:10:20+00:00,1135115179,"SuperBowlParade,PhiladelphiaEagles,PhiladelphiaMuseumofArt,ArtMuseum,SuperBowlChampions,JalenHurts,LoveHurts",im at the #superbowlparade featuring the #philadelphiaeagles 2nd super bowl victory at #philadelphiamuseumofart (#artmuseum) for their biggest moments ever. #superbowlchampions #jalenhurts #lovehurts,"{'neg': 0.0, 'neu': 0.843, 'pos': 0.157, 'compound': 0.5994}",0.5994,0.1666666666666666,"[('#', 'CARDINAL'), ('#', 'CARDINAL'), ('2nd', 'CARDINAL'), ('super bowl', 'EVENT'), ('#philadelphiamuseumofart', 'MONEY'), ('#', 'CARDINAL')]",0
1891301991768322360,"A Sooner Super Bowl MVP, Demarco Murray stays at OU &amp; NFL Combine! https://t.co/kUEJ9dPNe8 via @YouTube @BetOnline_ag @BleavNetwork @SEC @OU_Football #oudna #soonernation #SuperBowl #jalenhurts #PhiladelphiaEagles #demarcomurray #PSU #OSU #nflcombine",2025-02-17 01:41:48+00:00,349762499,"oudna,soonernation,SuperBowl,jalenhurts,PhiladelphiaEagles,demarcomurray,PSU,OSU,nflcombine","a sooner super bowl mvp, demarco murray stays at ou &amp; nfl combine! via #oudna #soonernation #superbowl #jalenhurts #philadelphiaeagles #demarcomurray #psu #osu #nflcombine","{'neg': 0.0, 'neu': 0.834, 'pos': 0.166, 'compound': 0.636}",0.636,0.4166666666666666,"[('demarco murray', 'PERSON'), ('nfl combine', 'ORG'), ('#', 'CARDINAL'), ('#', 'CARDINAL'), ('#superbowl #', 'MONEY'), ('#psu #', 'MONEY'), ('nflcombine', 'PERSON')]",1
1891300332292002303,"Eagles DESTROY Chiefs! Epic Game Review
#EaglesChiefsGame #NFL #GameReview #PhiladelphiaEagles #KansasCityChiefs #PatrickMahomes #JalenHurts #SuperBowl #NFLFootball #GameAnalysis https://t.co/bGUK90qozU",2025-02-17 01:35:12+00:00,1451981435368259588,"EaglesChiefsGame,NFL,GameReview,PhiladelphiaEagles,KansasCityChiefs,PatrickMahomes,JalenHurts,SuperBowl,NFLFootball,GameAnalysis",eagles destroy chiefs! epic game review #eagleschiefsgame #nfl #gamereview #philadelphiaeagles #kansascitychiefs #patrickmahomes #jalenhurts #superbowl #nflfootball #gameanalysis,"{'neg': 0.202, 'neu': 0.798, 'pos': 0.0, 'compound': -0.5848}",-0.5848,-0.1833333333333333,"[('eagles destroy chiefs', 'ORG'), ('#', 'CARDINAL'), ('#', 'CARDINAL'), ('#', 'CARDINAL'), ('#', 'CARDINAL'), ('kansascitychiefs', 'PERSON'), ('#', 'CARDINAL')]",0
1891299558421876778,Soldier 4 God Tries To Teach Eagles Fan How To Do #gilliedakid #philaelp... https://t.co/2orLjrAa0E via @YouTube #gillieeaglesdance #PhiladelphiaEagles #soldier4God #foryoupage #explore #sports #funnyvideos #s4gskits,2025-02-17 01:32:08+00:00,34532662,"gilliedakid,philaelp,gillieeaglesdance,PhiladelphiaEagles,soldier4God,foryoupage,explore,sports,funnyvideos,s4gskits",soldier 4 god tries to teach eagles fan how to do #gilliedakid #philaelp... via #gillieeaglesdance #philadelphiaeagles #soldier4god #foryoupage #explore #sports #funnyvideos #s4gskits,"{'neg': 0.0, 'neu': 0.812, 'pos': 0.188, 'compound': 0.5267}",0.5267,-0.1,"[('4', 'CARDINAL'), ('#gilliedakid #', 'MONEY'), ('#', 'CARDINAL'), ('#', 'CARDINAL'), ('#', 'CARDINAL'), ('#sports #', 'MONEY')]",2
1891294587722805377,"I feel like not enough people are talking about the Super Bowl champion Philadelphia Eagles
#eagles #EaglesNation #PhiladelphiaEagles #gobirds https://t.co/JVCDfC5uAt",2025-02-17 01:12:22+00:00,3756901,"eagles,EaglesNation,PhiladelphiaEagles,gobirds",i feel like not enough people are talking about the super bowl champion philadelphia eagles #eagles #eaglesnation #philadelphiaeagles #gobirds,"{'neg': 0.0, 'neu': 0.593, 'pos': 0.407, 'compound': 0.8834}",0.8834,0.1666666666666666,"[('philadelphia', 'GPE'), ('#eagles #', 'MONEY'), ('#', 'CARDINAL')]",0
1891292075280179674,"Love Hurts Eagles Shirt
Shop Here : https://t.co/uTHYUBA9j6

Show your Philly pride with the Love Hurts Eagles Shirt! ü¶Öüíö

#EaglesNation #FlyEaglesFly #philadelphiaeagles #eaglesfans #gobirds #eaglesfootball #phillysports #lovehurts #FootballLife #NFL https://t.co/4Pufs9wPJo",2025-02-17 01:02:23+00:00,1826374542886948864,"EaglesNation,FlyEaglesFly,philadelphiaeagles,eaglesfans,gobirds,eaglesfootball,phillysports,lovehurts,FootballLife,NFL",love hurts eagles shirt shop here : show your philly pride with the love hurts eagles shirt! #eaglesnation #flyeaglesfly #philadelphiaeagles #eaglesfans #gobirds #eaglesfootball #phillysports #lovehurts #footballlife #nfl,"{'neg': 0.162, 'neu': 0.548, 'pos': 0.29, 'compound': 0.7088}",0.7088,0.5625,"[('#', 'CARDINAL'), ('#', 'CARDINAL')]",0
1891281899454071089,"RT @2woPsInAPod: How about those Eagles? üëÄ #2ps #nfl #PhiladelphiaEagles

Link https://t.co/nHV0aoL1P3 https://t.co/9U6dlQYuVX",2025-02-17 00:21:57+00:00,289057075,"2ps,nfl,PhiladelphiaEagles",: how about those eagles? #2ps #nfl #philadelphiaeagles link,"{'neg': 0.0, 'neu': 1.0, 'pos': 0.0, 'compound': 0.0}",0.0,0.0,"[('#', 'CARDINAL'), ('philadelphiaeagles', 'PERSON')]",1
